Workbook

Sheet 總覽
A1: AIOS 全球對照與規劃（2026-10-19）
A3: 定位結論
A4: 目前沒有人同時做到「本機優先、預設安全、不綁特定模型」。OpenClaw 證明需求，卻敗在安全；大廠則把 agent 綁進自家 OS 或企業平台。建議定位：個人與小團隊用的、跨平台、預設安全的 agent 運行時。（此為判斷，非資料直接結論。）
A6: Roadmap 進度（隨「Roadmap」狀態自動更新）
A7: 項目總數 | B7: =COUNTA(Roadmap!$B$2:$B$21) -> 20
A8: 完成 | B8: =COUNTIF(Roadmap!$E$2:$E$21,"完成") -> 0
A9: 進行中 | B9: =COUNTIF(Roadmap!$E$2:$E$21,"進行中") -> 0
A10: 未開始 | B10: =COUNTIF(Roadmap!$E$2:$E$21,"未開始") -> 20
A11: 完成率 | B11: =IFERROR(B8/B7,0) -> 0
A13: 各階段項目數
A14: P0 打底 | B14: =COUNTIF(Roadmap!$A$2:$A$21,A14) -> 5
A15: P1 安全核心 | B15: =COUNTIF(Roadmap!$A$2:$A$21,A15) -> 6
A16: P2 擴展 | B16: =COUNTIF(Roadmap!$A$2:$A$21,A16) -> 4
A17: P3 生態 | B17: =COUNTIF(Roadmap!$A$2:$A$21,A17) -> 2
A18: P4 OS 層 | B18: =COUNTIF(Roadmap!$A$2:$A$21,A18) -> 3
A20: 差距盤點（隨「差距盤點」自動更新）
A21: 差距總數 | B21: =COUNTA(差距盤點!$B$2:$B$15) -> 14
A22: 嚴重度：高 | B22: =COUNTIF(差距盤點!$E$2:$E$15,"高") -> 6
A23: 嚴重度：中 | B23: =COUNTIF(差距盤點!$E$2:$E$15,"中") -> 6
A24: 嚴重度：低 | B24: =COUNTIF(差距盤點!$E$2:$E$15,"低") -> 2
A25: 已完成的差距 | B25: =COUNTIF(差距盤點!$G$2:$G$15,"完成") -> 0
A27: 閱讀須知
A28: 藍字＝可自行編輯（狀態、嚴重度、階段月份）；綠字＝跨工作表公式；黃底＝關鍵假設。
A29: 資料多來自廠商自述、新聞與部落格；Apple 部分為媒體報導、尚未證實；記憶層跑分各方結論互相矛盾，請以自己的資料實測。
A30: 本檔由 Claude 依對話內容整理；Anthropic 亦為表中參與者，請自行核對相關描述。
A31: 產品線的商業模式與各階段月份皆為假設，需依實際資源與市場驗證調整。

Sheet 全球版圖
A1: 層級 | B1: 代表 | C1: 現況摘要 | D1: 對 AIOS 的意義（判斷） | E1: 資料性質 | F1: 來源連結
A2: 學術 | B2: Rutgers AIOS | C2: 提供調度、記憶、儲存與存取控制；報告多 agent 執行速度最高提升 2.1 倍。2026 年 3 月另有 AgenticOS 工作坊討論 agent 的 OS 設計。 | D2: 概念與模組劃分可參考，但缺少產品化與安全實測。 | E2: 學術論文／會議公告 | F2: https://arxiv.org/html/2403.16971v2
A3: 開源個人 agent | B3: OpenClaw | C3: 本機執行，可管行事曆、傳訊息、購物、執行 shell。Gartner 分析師稱風險「不可接受」；ClawHub 發現 341 個惡意技能；逾 2 萬個實例暴露公網；有一夜燒約 20 美元 API 額度的案例。 | D3: 證明需求巨大，也證明「預設不安全」是致命傷。AIOS 的機會在預設安全。 | E3: 新聞／資安報導 | F3: https://securityboulevard.com/2026/03/latest-openclaw-flaw-can-let-malicious-websites-hijack-local-ai-agents/
A4: 開源個人 agent | B4: Hermes AIOS | C4: 開源 agentic OS，主打長期記憶與可重用技能。 | D4: 「技能＋記憶」是共同賣點；差異化需靠安全與跨平台。 | E4: 新聞稿／部落格 | F4: https://news.ainauten.com/markdown/open-source-hermes-aios-lernt-aus-deinem-workflow
A5: OS 廠商 | B5: Microsoft Windows | C5: MCP 連接器的裝置端註冊表，所有呼叫經 OS 層代理處理身分、權限、同意與稽核；另有隔離、受政策控管且可稽核的 Agent workspace 與 Agent ID。 | D5: OS 層會內建安全與稽核；AIOS 要走跨平台、中立路線。 | E5: 新聞／微軟開發者頁 | F5: https://techspective.net/2025/11/18/windows-becoming-operating-system-for-ai-agents/
A6: OS 廠商 | B6: Google Android 17 | C6: AppFunctions 讓 App 暴露型別化能力供 Gemini 等 agent 呼叫；Android 17 定位為主動式、裝置端 agentic 的「Gemini Intelligence」。 | D6: 手機端由 OS 廠商主導，AIOS 不宜正面競爭。 | E6: 新聞／媒體報導 | F6: https://macrumors.com/2026/05/12/google-previews-android-17/
A7: OS 廠商 | B7: Apple iOS 27（Siri） | C7: 據報導 Siri 將重建為常駐 agent，並開放第三方 AI 擴充。 | D7: 尚未證實，僅作觀察。 | E7: 媒體報導（未證實） | F7: https://www.gizmodo.com/siri-total-chatbot-makeover-is-imminent-with-ios-27-2000757747
A8: 企業平台 | B8: OpenAI Frontier | C8: 讓組織建置、部署並管理跨業務系統的 agent，每個 agent 有範圍受限的權限，並開放第三方 agent。 | D8: 企業市場已被大廠佔據；個人與小團隊仍有空間。 | E8: 新聞／廠商自述 | F8: https://noqta.tn/en/news/openai-frontier-enterprise-ai-agent-platform-2026
A9: 企業平台 | B9: Anthropic Managed Agents / Cowork | C9: Managed Agents 提供託管沙箱、憑證保管、權限與追蹤，另收每 session 小時 0.08 美元；Cowork 於 2026 年 4 月 GA。（注意：本工作簿由 Claude 產出，Anthropic 為利益相關方。） | D9: 託管 agent 基礎設施已有成熟選項，AIOS 不必重造。 | E9: 第三方整理／廠商資訊 | F9: https://mythos.one/me/brianswichkow/1ba4d7
A10: 企業平台 | B10: Azure AI Foundry／Google Workspace Studio／AWS Bedrock | C10: 三者是 Frontier 之外的主要企業平台競爭者。 | D10: 同上。 | E10: 新聞／分析文 | F10: https://algeriatech.news/?p=22501
A11: 標準 | B11: MCP | C11: 每月 SDK 下載量逾 9,700 萬、公開伺服器逾萬個（2026 年初）。 | D11: 已是事實標準，AIOS 應同時做客戶端與伺服器端。 | E11: 分析文章（引用 LF／Anthropic 數據） | F11: https://tarrysingh.com/blog/the-agent-stack-just-became-a-standard
A12: 標準 | B12: A2A | C12: 2026 年 8 月 17 日成為 Linux Foundation 旗下 AAIF 的託管專案，與 MCP 同屬一個中立基金會。 | D12: 多 agent 協作應採 A2A，而非自訂協定。 | E12: 新聞／分析文 | F12: https://algeriatech.news/?p=35142
... A16: 中國／亞洲 | B16: ZTE NaviX＋豆包 | C16: 搭載豆包 agent 的手機，首批 3 萬台迅速售罄；IDC 預期 AI 手機將佔中國市場過半。 | D16: 硬體端 agent 化趨勢明確。 | E16: 新聞 | F16: https://www.thenextweb.com/news/china-agentic-ai-smartphones-zte-navix-doubao-waic

Sheet 差距盤點
A1: # | B1: 領域 | C1: AIOS 現況 | D1: 世界上的參照 | E1: 嚴重度 | F1: 對應階段 | G1: 狀態
A2: 1 | B2: 安全：提示注入 | C2: 僅有權限清單，沒有不可信內容標記 | D2: 研究顯示污染 agent 的能力／身分／知識任一面，攻擊成功率由 24.6% 升至 64–74%，最強防禦仍有 63.8% 成功率，需要架構層防線 | E2: 高 | F2: P1 安全核心 | G2: 未開始
A3: 2 | B3: 人類審批 | C3: 高風險工具直接執行，無確認 | D3: Windows 有 OS 層同意與稽核；Frontier 有範圍受限的權限 | E3: 高 | F3: P0 打底 | G3: 未開始
A4: 3 | B4: 審計日誌 | C4: 僅有對話歷史，無動作稽核 | D4: Windows Agent ID 與稽核；Managed Agents 具追蹤 | E4: 高 | F4: P0 打底 | G4: 未開始
A5: 4 | B5: 成本與步數上限 | C5: 只有單輪 8 步上限，無預算控管 | D5: OpenClaw 曾一夜燒約 20 美元 API 額度 | E5: 中 | F5: P0 打底 | G5: 未開始
A6: 5 | B6: 資料外洩防護 | C6: 沙箱隔離程式，但擋不住 agent 把敏感資料寫進回覆 | D6: 資安文章指出完美隔離無法阻止 agent 自己外洩資料 | E6: 高 | F6: P1 安全核心 | G6: 未開始
A7: 6 | B7: 技能／外掛供應鏈 | C7: MCP 靠手動授權，無簽章與掃描 | D7: ClawHub 出現 341 個惡意技能 | E7: 高 | F7: P1 安全核心 | G7: 未開始
A8: 7 | B8: 多模型支援 | C8: 只支援 Claude | D8: 企業平台多開放第三方 agent；本機模型可作低成本層 | E8: 中 | F8: P0 打底 | G8: 未開始
A9: 8 | B9: 自動化測試 | C9: 僅臨時測試，無正式測試套件 | D9: — | E9: 中 | F9: P0 打底 | G9: 未開始
A10: 9 | B10: 記憶系統 | C10: 鍵值＋最近 40 則歷史，無語義檢索 | D10: Mem0／Zep／Letta 提供萃取、時序圖、自我編輯等 | E10: 中 | F10: P1 安全核心 | G10: 未開始
A11: 10 | B11: MCP 伺服器模式 | C11: 只有 MCP 客戶端 | D11: MCP 已是事實標準 | E11: 中 | F11: P1 安全核心 | G11: 未開始
A12: 11 | B12: Windows 沙箱 | C12: Windows 上只有逾時，run_python 預設停用 | D12: WSL2／Docker／microVM 後端 | E12: 高 | F12: P2 擴展 | G12: 未開始
A13: 12 | B13: 多 agent／A2A | C13: 各 agent 互相獨立，無通訊協定 | D13: A2A 已進 AAIF | E13: 中 | F13: P2 擴展 | G13: 未開始
... A15: 14 | B15: 排程與觸發 | C15: 只有即時佇列 | D15: Managed Agents 有 webhook 與背景執行 | E15: 低 | F15: P2 擴展 | G15: 未開始

Sheet 階段
A1: 階段 | B1: 時間範圍（原規劃） | C1: 起始月 | D1: 結束月 | E1: 完成標準
A2: P0 打底 | B2: 0–2 週 | C2: 1 | D2: 1 | E2: 每個動作可追溯，超額會中止
A3: P1 安全核心 | B3: 1–2 月 | C3: 1 | D3: 2 | E3: 能通過自建的提示注入測試集
A4: P2 擴展 | B4: 3–4 月 | C4: 3 | D4: 4 | E4: 一鍵跑多 agent，Windows 也有真隔離
A5: P3 生態 | B5: 6–9 月 | C5: 6 | D5: 9 | E5: 有外部開發者貢獻技能
A6: P4 OS 層 | B6: 12 月後 | C6: 12 | D6: 12 | E6: 視前面成果再決定
A8: 說明
A9: 黃底藍字＝可自行修改的假設。起始／結束月為依原規劃時間範圍換算的估計值（1＝開始當月，P4 以第 12 個月代表「12 月後」）；改動後 Roadmap 的甘特圖會自動更新。

Sheet Roadmap
A1: 階段 | B1: 項目 | C1: 起始月 | D1: 結束月 | E1: 狀態 | G1: 1 | H1: 2 | I1: 3 | J1: 4 | K1: 5 | L1: 6 | M1: 7 | N1: 8 | O1: 9 | P1: 10 | Q1: 11 | R1: 12
A2: P0 打底 | B2: 自動化測試 | C2: =INDEX(階段!$C$2:$C$6,MATCH($A2,階段!$A$2:$A$6,0)) -> 1 | D2: =INDEX(階段!$D$2:$D$6,MATCH($A2,階段!$A$2:$A$6,0)) -> 1 | E2: 未開始 | G2: =IF(AND(G$1>=$C2,G$1<=$D2),1,"") -> 1 | H2: =IF(AND(H$1>=$C2,H$1<=$D2),1,"") | I2: =IF(AND(I$1>=$C2,I$1<=$D2),1,"") | J2: =IF(AND(J$1>=$C2,J$1<=$D2),1,"") | K2: =IF(AND(K$1>=$C2,K$1<=$D2),1,"") | L2: =IF(AND(L$1>=$C2,L$1<=$D2),1,"") | M2: =IF(AND(M$1>=$C2,M$1<=$D2),1,"") | N2: =IF(AND(N$1>=$C2,N$1<=$D2),1,"") | ... R2: =IF(AND(R$1>=$C2,R$1<=$D2),1,"")
A3: P0 打底 | B3: 審計日誌 | C3: =INDEX(階段!$C$2:$C$6,MATCH($A3,階段!$A$2:$A$6,0)) -> 1 | D3: =INDEX(階段!$D$2:$D$6,MATCH($A3,階段!$A$2:$A$6,0)) -> 1 | E3: 未開始 | G3: =IF(AND(G$1>=$C3,G$1<=$D3),1,"") -> 1 | H3: =IF(AND(H$1>=$C3,H$1<=$D3),1,"") | I3: =IF(AND(I$1>=$C3,I$1<=$D3),1,"") | J3: =IF(AND(J$1>=$C3,J$1<=$D3),1,"") | K3: =IF(AND(K$1>=$C3,K$1<=$D3),1,"") | L3: =IF(AND(L$1>=$C3,L$1<=$D3),1,"") | M3: =IF(AND(M$1>=$C3,M$1<=$D3),1,"") | N3: =IF(AND(N$1>=$C3,N$1<=$D3),1,"") | ... R3: =IF(AND(R$1>=$C3,R$1<=$D3),1,"")
A4: P0 打底 | B4: 高風險工具人工批准 | C4: =INDEX(階段!$C$2:$C$6,MATCH($A4,階段!$A$2:$A$6,0)) -> 1 | D4: =INDEX(階段!$D$2:$D$6,MATCH($A4,階段!$A$2:$A$6,0)) -> 1 | E4: 未開始 | G4: =IF(AND(G$1>=$C4,G$1<=$D4),1,"") -> 1 | H4: =IF(AND(H$1>=$C4,H$1<=$D4),1,"") | I4: =IF(AND(I$1>=$C4,I$1<=$D4),1,"") | J4: =IF(AND(J$1>=$C4,J$1<=$D4),1,"") | K4: =IF(AND(K$1>=$C4,K$1<=$D4),1,"") | L4: =IF(AND(L$1>=$C4,L$1<=$D4),1,"") | M4: =IF(AND(M$1>=$C4,M$1<=$D4),1,"") | N4: =IF(AND(N$1>=$C4,N$1<=$D4),1,"") | ... R4: =IF(AND(R$1>=$C4,R$1<=$D4),1,"")
A5: P0 打底 | B5: 成本與步數上限 | C5: =INDEX(階段!$C$2:$C$6,MATCH($A5,階段!$A$2:$A$6,0)) -> 1 | D5: =INDEX(階段!$D$2:$D$6,MATCH($A5,階段!$A$2:$A$6,0)) -> 1 | E5: 未開始 | G5: =IF(AND(G$1>=$C5,G$1<=$D5),1,"") -> 1 | H5: =IF(AND(H$1>=$C5,H$1<=$D5),1,"") | I5: =IF(AND(I$1>=$C5,I$1<=$D5),1,"") | J5: =IF(AND(J$1>=$C5,J$1<=$D5),1,"") | K5: =IF(AND(K$1>=$C5,K$1<=$D5),1,"") | L5: =IF(AND(L$1>=$C5,L$1<=$D5),1,"") | M5: =IF(AND(M$1>=$C5,M$1<=$D5),1,"") | N5: =IF(AND(N$1>=$C5,N$1<=$D5),1,"") | ... R5: =IF(AND(R$1>=$C5,R$1<=$D5),1,"")
A6: P0 打底 | B6: 模型供應商抽象層（含本機模型） | C6: =INDEX(階段!$C$2:$C$6,MATCH($A6,階段!$A$2:$A$6,0)) -> 1 | D6: =INDEX(階段!$D$2:$D$6,MATCH($A6,階段!$A$2:$A$6,0)) -> 1 | E6: 未開始 | G6: =IF(AND(G$1>=$C6,G$1<=$D6),1,"") -> 1 | H6: =IF(AND(H$1>=$C6,H$1<=$D6),1,"") | I6: =IF(AND(I$1>=$C6,I$1<=$D6),1,"") | J6: =IF(AND(J$1>=$C6,J$1<=$D6),1,"") | K6: =IF(AND(K$1>=$C6,K$1<=$D6),1,"") | L6: =IF(AND(L$1>=$C6,L$1<=$D6),1,"") | M6: =IF(AND(M$1>=$C6,M$1<=$D6),1,"") | N6: =IF(AND(N$1>=$C6,N$1<=$D6),1,"") | ... R6: =IF(AND(R$1>=$C6,R$1<=$D6),1,"")
A7: P1 安全核心 | B7: 能力式權限 | C7: =INDEX(階段!$C$2:$C$6,MATCH($A7,階段!$A$2:$A$6,0)) -> 1 | D7: =INDEX(階段!$D$2:$D$6,MATCH($A7,階段!$A$2:$A$6,0)) -> 2 | E7: 未開始 | G7: =IF(AND(G$1>=$C7,G$1<=$D7),1,"") -> 1 | H7: =IF(AND(H$1>=$C7,H$1<=$D7),1,"") -> 1 | I7: =IF(AND(I$1>=$C7,I$1<=$D7),1,"") | J7: =IF(AND(J$1>=$C7,J$1<=$D7),1,"") | K7: =IF(AND(K$1>=$C7,K$1<=$D7),1,"") | L7: =IF(AND(L$1>=$C7,L$1<=$D7),1,"") | M7: =IF(AND(M$1>=$C7,M$1<=$D7),1,"") | N7: =IF(AND(N$1>=$C7,N$1<=$D7),1,"") | ... R7: =IF(AND(R$1>=$C7,R$1<=$D7),1,"")
A8: P1 安全核心 | B8: 不可信內容標記（網頁、MCP 回傳、檔案） | C8: =INDEX(階段!$C$2:$C$6,MATCH($A8,階段!$A$2:$A$6,0)) -> 1 | D8: =INDEX(階段!$D$2:$D$6,MATCH($A8,階段!$A$2:$A$6,0)) -> 2 | E8: 未開始 | G8: =IF(AND(G$1>=$C8,G$1<=$D8),1,"") -> 1 | H8: =IF(AND(H$1>=$C8,H$1<=$D8),1,"") -> 1 | I8: =IF(AND(I$1>=$C8,I$1<=$D8),1,"") | J8: =IF(AND(J$1>=$C8,J$1<=$D8),1,"") | K8: =IF(AND(K$1>=$C8,K$1<=$D8),1,"") | L8: =IF(AND(L$1>=$C8,L$1<=$D8),1,"") | M8: =IF(AND(M$1>=$C8,M$1<=$D8),1,"") | N8: =IF(AND(N$1>=$C8,N$1<=$D8),1,"") | ... R8: =IF(AND(R$1>=$C8,R$1<=$D8),1,"")
A9: P1 安全核心 | B9: 技能簽章與掃描 | C9: =INDEX(階段!$C$2:$C$6,MATCH($A9,階段!$A$2:$A$6,0)) -> 1 | D9: =INDEX(階段!$D$2:$D$6,MATCH($A9,階段!$A$2:$A$6,0)) -> 2 | E9: 未開始 | G9: =IF(AND(G$1>=$C9,G$1<=$D9),1,"") -> 1 | H9: =IF(AND(H$1>=$C9,H$1<=$D9),1,"") -> 1 | I9: =IF(AND(I$1>=$C9,I$1<=$D9),1,"") | J9: =IF(AND(J$1>=$C9,J$1<=$D9),1,"") | K9: =IF(AND(K$1>=$C9,K$1<=$D9),1,"") | L9: =IF(AND(L$1>=$C9,L$1<=$D9),1,"") | M9: =IF(AND(M$1>=$C9,M$1<=$D9),1,"") | N9: =IF(AND(N$1>=$C9,N$1<=$D9),1,"") | ... R9: =IF(AND(R$1>=$C9,R$1<=$D9),1,"")
A10: P1 安全核心 | B10: 記憶 v2（全文檢索＋向量、時序事實） | C10: =INDEX(階段!$C$2:$C$6,MATCH($A10,階段!$A$2:$A$6,0)) -> 1 | D10: =INDEX(階段!$D$2:$D$6,MATCH($A10,階段!$A$2:$A$6,0)) -> 2 | E10: 未開始 | G10: =IF(AND(G$1>=$C10,G$1<=$D10),1,"") -> 1 | H10: =IF(AND(H$1>=$C10,H$1<=$D10),1,"") -> 1 | I10: =IF(AND(I$1>=$C10,I$1<=$D10),1,"") | J10: =IF(AND(J$1>=$C10,J$1<=$D10),1,"") | K10: =IF(AND(K$1>=$C10,K$1<=$D10),1,"") | L10: =IF(AND(L$1>=$C10,L$1<=$D10),1,"") | M10: =IF(AND(M$1>=$C10,M$1<=$D10),1,"") | N10: =IF(AND(N$1>=$C10,N$1<=$D10),1,"") | ... R10: =IF(AND(R$1>=$C10,R$1<=$D10),1,"")
A11: P1 安全核心 | B11: AIOS 作為 MCP 伺服器 | C11: =INDEX(階段!$C$2:$C$6,MATCH($A11,階段!$A$2:$A$6,0)) -> 1 | D11: =INDEX(階段!$D$2:$D$6,MATCH($A11,階段!$A$2:$A$6,0)) -> 2 | E11: 未開始 | G11: =IF(AND(G$1>=$C11,G$1<=$D11),1,"") -> 1 | H11: =IF(AND(H$1>=$C11,H$1<=$D11),1,"") -> 1 | I11: =IF(AND(I$1>=$C11,I$1<=$D11),1,"") | J11: =IF(AND(J$1>=$C11,J$1<=$D11),1,"") | K11: =IF(AND(K$1>=$C11,K$1<=$D11),1,"") | L11: =IF(AND(L$1>=$C11,L$1<=$D11),1,"") | M11: =IF(AND(M$1>=$C11,M$1<=$D11),1,"") | N11: =IF(AND(N$1>=$C11,N$1<=$D11),1,"") | ... R11: =IF(AND(R$1>=$C11,R$1<=$D11),1,"")
A12: P1 安全核心 | B12: 提示注入測試集 | C12: =INDEX(階段!$C$2:$C$6,MATCH($A12,階段!$A$2:$A$6,0)) -> 1 | D12: =INDEX(階段!$D$2:$D$6,MATCH($A12,階段!$A$2:$A$6,0)) -> 2 | E12: 未開始 | G12: =IF(AND(G$1>=$C12,G$1<=$D12),1,"") -> 1 | H12: =IF(AND(H$1>=$C12,H$1<=$D12),1,"") -> 1 | I12: =IF(AND(I$1>=$C12,I$1<=$D12),1,"") | J12: =IF(AND(J$1>=$C12,J$1<=$D12),1,"") | K12: =IF(AND(K$1>=$C12,K$1<=$D12),1,"") | L12: =IF(AND(L$1>=$C12,L$1<=$D12),1,"") | M12: =IF(AND(M$1>=$C12,M$1<=$D12),1,"") | N12: =IF(AND(N$1>=$C12,N$1<=$D12),1,"") | ... R12: =IF(AND(R$1>=$C12,R$1<=$D12),1,"")
A13: P2 擴展 | B13: 多 agent 與 A2A | C13: =INDEX(階段!$C$2:$C$6,MATCH($A13,階段!$A$2:$A$6,0)) -> 3 | D13: =INDEX(階段!$D$2:$D$6,MATCH($A13,階段!$A$2:$A$6,0)) -> 4 | E13: 未開始 | G13: =IF(AND(G$1>=$C13,G$1<=$D13),1,"") | H13: =IF(AND(H$1>=$C13,H$1<=$D13),1,"") | I13: =IF(AND(I$1>=$C13,I$1<=$D13),1,"") -> 1 | J13: =IF(AND(J$1>=$C13,J$1<=$D13),1,"") -> 1 | K13: =IF(AND(K$1>=$C13,K$1<=$D13),1,"") | L13: =IF(AND(L$1>=$C13,L$1<=$D13),1,"") | M13: =IF(AND(M$1>=$C13,M$1<=$D13),1,"") | N13: =IF(AND(N$1>=$C13,N$1<=$D13),1,"") | ... R13: =IF(AND(R$1>=$C13,R$1<=$D13),1,"")
... A21: P4 OS 層 | B21: 手機伴侶 App | C21: =INDEX(階段!$C$2:$C$6,MATCH($A21,階段!$A$2:$A$6,0)) -> 12 | D21: =INDEX(階段!$D$2:$D$6,MATCH($A21,階段!$A$2:$A$6,0)) -> 12 | E21: 未開始 | G21: =IF(AND(G$1>=$C21,G$1<=$D21),1,"") | H21: =IF(AND(H$1>=$C21,H$1<=$D21),1,"") | I21: =IF(AND(I$1>=$C21,I$1<=$D21),1,"") | J21: =IF(AND(J$1>=$C21,J$1<=$D21),1,"") | K21: =IF(AND(K$1>=$C21,K$1<=$D21),1,"") | L21: =IF(AND(L$1>=$C21,L$1<=$D21),1,"") | M21: =IF(AND(M$1>=$C21,M$1<=$D21),1,"") | N21: =IF(AND(N$1>=$C21,N$1<=$D21),1,"") | ... R21: =IF(AND(R$1>=$C21,R$1<=$D21),1,"") -> 1
A23: 月份為相對於專案起點的第幾個月；起始／結束月由「階段」工作表帶入（綠字＝跨表公式）。

Sheet 產品線
A1: 產品 | B1: 說明 | C1: 對應階段 | D1: 商業模式 | E1: 備註
A2: AIOS Core | B2: 開源運行時：排程、權限、記憶、MCP。整條產品線的基礎。 | C2: P0–P1 | D2: 開源
A3: AIOS Shell | B3: CLI 與本機網頁控制台，含審批與審計檢視。 | C3: P2（CLI 已有） | D3: 開源
A4: AIOS Guard | B4: 策略引擎、技能掃描、提示注入測試集。 | C4: P1 | D4: 待驗證 | E4: 判斷：最有差異化、也最有付費價值的一塊，因為市場痛點在安全。
A5: AIOS Memory | B5: 可獨立使用的記憶服務，同時提供 MCP 介面。 | C5: P1 | D5: 待定
A6: AIOS Sandbox | B6: 多後端的隔離執行層。 | C6: P2 | D6: 待定
A7: AIOS Hub | B7: 經簽章驗證的技能與 agent 市集。 | C7: P3 | D7: 待定
A8: AIOS Team / Cloud | B8: 託管、RBAC、稽核匯出。 | C8: P3 | D8: 收費（主要） | E8: 商業模式為假設，需自行驗證市場。

Sheet 來源
A1: 類別 | B1: 標題 | C1: 連結
A2: 學術 | B2: AIOS: LLM Agent Operating System（arXiv） | C2: https://arxiv.org/html/2403.16971v2
A3: 學術 | B3: AgenticOS 2026 工作坊公告 | C3: https://easychair.org/cfp/AgenticOS2026
A4: 學術 | B4: Your Agent, Their Asset: A Real-World Safety Analysis of OpenClaw（ICML 2026） | C4: https://icml.cc/virtual/2026/69297
A5: 資安新聞 | B5: Latest OpenClaw Flaw…（Security Boulevard） | C5: https://securityboulevard.com/2026/03/latest-openclaw-flaw-can-let-malicious-websites-hijack-local-ai-agents/
A6: 資安新聞 | B6: OpenClaw AI Agent Sparks Global Security Alarm（BankInfoSecurity） | C6: https://www.bankinfosecurity.net/openclaw-ai-agent-sparks-global-security-alarm-a-30686
A7: 資安新聞 | B7: OpenClaw's Rapid Rise Exposes Thousands of AI Agents（eSecurity Planet） | C7: https://www.esecurityplanet.com/threats/openclaws-rapid-rise-exposes-thousands-of-ai-agents-to-the-public-internet/
A8: OS／平台 | B8: Windows 成為 AI agent 的作業系統（TechSpective） | C8: https://techspective.net/2025/11/18/windows-becoming-operating-system-for-ai-agents/
A9: OS／平台 | B9: Microsoft：Windows 的 MCP 與 Agent workspace（Neowin） | C9: https://www.neowin.net/news/microsoft-is-making-ai-agents-a-first-class-component-of-windows/
A10: OS／平台 | B10: Android AppFunctions | C10: https://tinycorestudios.uk/blog/news/2026-03-30-android-appfunctions/
A11: OS／平台 | B11: Google 預覽 Android 17（MacRumors） | C11: https://macrumors.com/2026/05/12/google-previews-android-17/
A12: OS／平台（報導） | B12: iOS 27 Siri 傳聞（Gizmodo） | C12: https://www.gizmodo.com/siri-total-chatbot-makeover-is-imminent-with-ios-27-2000757747
... A25: 開源 | B25: Hermes AIOS 如何從工作流程學習 | C25: https://news.ainauten.com/markdown/open-source-hermes-aios-lernt-aus-deinem-workflow
